Country,Type
US,Biological
US,Biological
US,Biological
US,Biological
US,Biological
US,Biological
US,Biological
US,Biological
US,Biological
US,Biological
US,Biological
US,Biological
US,Biological
US,Biological
US,Biological
US,Biological
US,Biological
US,Biological
US,Biological
US,Biological
US,Biological
US,Biological
US,Biological
US,Biological
US,Biological
US,Biological
US,Biological
US,Biological
US,Biological
US,Biological
US,Biological
US,Biological
US,Biological
US,Biological
US,Biological
US,Biological
US,Biological
US,Biological
US,Biological
US,Biological
US,Biological
US,Biological
US,Biological
US,Biological
US,Biological
US,Biological
US,Biological
US,Biological
US,Biological
US,Biological
US,Chemical
US,Chemical
US,Chemical
US,Chemical
US,Chemical
US,Chemical
US,Chemical
US,Chemical
US,Chemical
US,Chemical
US,Chemical
US,Chemical
US,Chemical
US,Chemical
US,Chemical
US,Chemical
US,Chemical
US,Chemical
US,Chemical
US,Chemical
US,Radiological
US,Radiological
US,Radiological
US,Radiological
US,Radiological
US,Radiological
US,Radiological
US,Radiological
US,Radiological
US,Radiological
US,Firearm
US,Firearm
US,Firearm
US,Firearm
US,Firearm
US,Firearm
US,Firearm
US,Firearm
US,Firearm
US,Firearm
US,Firearm
US,Firearm
US,Firearm
US,Firearm
US,Firearm
US,Firearm
US,Firearm
US,Firearm
US,Firearm
US,Firearm
US,Other
US,Other
US,Other
US,Other
US,Other
Canada,Biological
Canada,Biological
Canada,Biological
Canada,Biological
Canada,Biological
Canada,Biological
Canada,Biological
Canada,Biological
Canada,Biological
Canada,Biological
Canada,Chemical
Canada,Chemical
Canada,Chemical
Canada,Chemical
Canada,Chemical
Canada,Chemical
Canada,Chemical
Canada,Chemical
Canada,Chemical
Canada,Chemical
Canada,Chemical
Canada,Radiological
Canada,Radiological
Canada,Radiological
Canada,Radiological
Canada,Radiological
Canada,Radiological
Canada,Radiological
Canada,Radiological
Canada,Radiological
Canada,Radiological
Canada,Radiological
Canada,Radiological
Canada,Radiological
Canada,Radiological
Canada,Firearm
Canada,Firearm
Canada,Firearm
Canada,Firearm
Canada,Firearm
Canada,Firearm
Canada,Firearm
Canada,Firearm
Canada,Firearm
Canada,Firearm
Canada,Other
Canada,Other
Canada,Other
Canada,Other
Canada,Other
Canada,Other
Canada,Other
Canada,Other
Canada,Other
Canada,Other
Canada,Other
Canada,Other
Canada,Other
Canada,Other
Canada,Other
Canada,Other
Mexico,Biological
Mexico,Biological
Mexico,Biological
Mexico,Biological
Mexico,Biological
Mexico,Biological
Mexico,Biological
Mexico,Biological
Mexico,Biological
Mexico,Biological
Mexico,Biological
Mexico,Biological
Mexico,Biological
Mexico,Biological
Mexico,Biological
Mexico,Biological
Mexico,Biological
Mexico,Biological
Mexico,Biological
Mexico,Biological
Mexico,Biological
Mexico,Biological
Mexico,Biological
Mexico,Biological
Mexico,Biological
Mexico,Biological
Mexico,Biological
Mexico,Biological
Mexico,Biological
Mexico,Biological
Mexico,Biological
Mexico,Biological
Mexico,Biological
Mexico,Biological
Mexico,Biological
Mexico,Biological
Mexico,Biological
Mexico,Biological
Mexico,Biological
Mexico,Biological
Mexico,Biological
Mexico,Biological
Mexico,Biological
Mexico,Biological
Mexico,Biological
Mexico,Biological
Mexico,Biological
Mexico,Biological
Mexico,Biological
Mexico,Biological
Mexico,Biological
Mexico,Biological
Mexico,Biological
Mexico,Biological
Mexico,Biological
Mexico,Chemical
Mexico,Chemical
Mexico,Chemical
Mexico,Chemical
Mexico,Chemical
Mexico,Chemical
Mexico,Chemical
Mexico,Chemical
Mexico,Chemical
Mexico,Chemical
Mexico,Chemical
Mexico,Chemical
Mexico,Chemical
Mexico,Chemical
Mexico,Chemical
Mexico,Chemical
Mexico,Chemical
Mexico,Chemical
Mexico,Chemical
Mexico,Chemical
Mexico,Chemical
Mexico,Chemical
Mexico,Chemical
Mexico,Chemical
Mexico,Radiological
Mexico,Radiological
Mexico,Radiological
Mexico,Radiological
Mexico,Radiological
Mexico,Firearm
Mexico,Firearm
Mexico,Firearm
Mexico,Firearm
Mexico,Firearm
Mexico,Firearm
Mexico,Firearm
Mexico,Firearm
Mexico,Firearm
Mexico,Firearm
Mexico,Firearm
Mexico,Firearm
Mexico,Firearm
Mexico,Firearm
Mexico,Firearm
Mexico,Firearm
Mexico,Firearm
Mexico,Firearm
Mexico,Firearm
Mexico,Firearm
Mexico,Firearm
Mexico,Firearm
Mexico,Firearm
Mexico,Firearm
Mexico,Firearm
Mexico,Firearm
Mexico,Firearm
Mexico,Firearm
Mexico,Firearm
Mexico,Firearm
Mexico,Firearm
Mexico,Firearm
Mexico,Firearm
Mexico,Firearm
Mexico,Firearm
Mexico,Firearm
Mexico,Firearm
Mexico,Firearm
Mexico,Firearm
Mexico,Firearm
Mexico,Other
Mexico,Other
Mexico,Other
Mexico,Other
Mexico,Other
Mexico,Other
Mexico,Other
Mexico,Other
Mexico,Other
Mexico,Other